tahun,kode_wilayah,kabupaten_kota,wilayah,total_objek_wisata,alam,buatan,budaya,minat_khusus,alam_norm,budaya_norm,buatan_norm,minat_khusus_norm,total_norm
2014,3201,KABUPATEN BOGOR,Bogor-Sukabumi,45,38.0,,3.0,4.0,0.9743589743589743,0.21428571428571427,,0.07272727272727272,0.6716417910447762
2014,3202,KABUPATEN SUKABUMI,Bogor-Sukabumi,50,36.0,,7.0,7.0,0.9230769230769231,0.5,,0.12727272727272726,0.746268656716418
2014,3203,KABUPATEN CIANJUR,Priangan Barat,17,12.0,,4.0,1.0,0.3076923076923077,0.2857142857142857,,0.01818181818181818,0.2537313432835821
2014,3204,KABUPATEN BANDUNG,Priangan Barat,53,39.0,,14.0,0.0,1.0,1.0,,0.0,0.7910447761194029
2014,3205,KABUPATEN GARUT,Priangan Timur,39,28.0,,5.0,6.0,0.717948717948718,0.35714285714285715,,0.10909090909090909,0.582089552238806
2014,3206,KABUPATEN TASIKMALAYA,Priangan Timur,13,10.0,,2.0,1.0,0.2564102564102564,0.14285714285714285,,0.01818181818181818,0.19402985074626866
2014,3207,KABUPATEN CIAMIS,Priangan Timur,23,11.0,,6.0,6.0,0.28205128205128205,0.42857142857142855,,0.10909090909090909,0.34328358208955223
2014,3208,KABUPATEN KUNINGAN,Pantura Timur,28,19.0,,6.0,3.0,0.48717948717948717,0.42857142857142855,,0.05454545454545454,0.417910447761194
2014,3209,KABUPATEN CIREBON,Pantura Timur,11,7.0,,4.0,0.0,0.1794871794871795,0.2857142857142857,,0.0,0.16417910447761194
2014,3210,KABUPATEN MAJALENGKA,Pantura Timur,13,11.0,,0.0,2.0,0.28205128205128205,0.0,,0.03636363636363636,0.19402985074626866
2014,3211,KABUPATEN SUMEDANG,Priangan Barat,29,14.0,,7.0,8.0,0.358974358974359,0.5,,0.14545454545454545,0.43283582089552236
2014,3212,KABUPATEN INDRAMAYU,Pantura Timur,5,4.0,,1.0,0.0,0.10256410256410256,0.07142857142857142,,0.0,0.07462686567164178
2014,3213,KABUPATEN SUBANG,Pantura Barat,67,31.0,,11.0,25.0,0.7948717948717948,0.7857142857142857,,0.45454545454545453,1.0
2014,3214,KABUPATEN PURWAKARTA,Pantura Barat,24,9.0,,7.0,8.0,0.23076923076923078,0.5,,0.14545454545454545,0.3582089552238806
2014,3215,KABUPATEN KARAWANG,Pantura Barat,24,12.0,,9.0,3.0,0.3076923076923077,0.6428571428571429,,0.05454545454545454,0.3582089552238806
2014,3216,KABUPATEN BEKASI,Pantura Barat,10,4.0,,3.0,3.0,0.10256410256410256,0.21428571428571427,,0.05454545454545454,0.14925373134328357
2014,3217,KABUPATEN BANDUNG BARAT,Priangan Barat,39,26.0,,10.0,3.0,0.6666666666666666,0.7142857142857143,,0.05454545454545454,0.582089552238806
2014,3271,KOTA BOGOR,Bogor-Sukabumi,57,0.0,,2.0,55.0,0.0,0.14285714285714285,,1.0,0.8507462686567164
2014,3272,KOTA SUKABUMI,Bogor-Sukabumi,2,2.0,,0.0,0.0,0.05128205128205128,0.0,,0.0,0.029850746268656716
2014,3273,KOTA BANDUNG,Priangan Barat,14,3.0,,3.0,8.0,0.07692307692307693,0.21428571428571427,,0.14545454545454545,0.208955223880597
2014,3274,KOTA CIREBON,Pantura Timur,10,1.0,,8.0,1.0,0.02564102564102564,0.5714285714285714,,0.01818181818181818,0.14925373134328357
2014,3275,KOTA BEKASI,Pantura Barat,0,0.0,,0.0,0.0,0.0,0.0,,0.0,0.0
2014,3276,KOTA DEPOK,Pantura Barat,6,6.0,,0.0,0.0,0.15384615384615385,0.0,,0.0,0.08955223880597014
2014,3277,KOTA CIMAHI,Priangan Barat,0,0.0,,0.0,0.0,0.0,0.0,,0.0,0.0
2014,3278,KOTA TASIKMALAYA,Priangan Timur,7,3.0,,4.0,0.0,0.07692307692307693,0.2857142857142857,,0.0,0.1044776119402985
2014,3279,KOTA BANJAR,Priangan Timur,1,1.0,,0.0,0.0,0.02564102564102564,0.0,,0.0,0.014925373134328358
2015,3201,KABUPATEN BOGOR,Bogor-Sukabumi,45,38.0,,3.0,4.0,0.48717948717948717,0.07317073170731707,,0.07272727272727272,0.37815126050420167
2015,3202,KABUPATEN SUKABUMI,Bogor-Sukabumi,50,36.0,,7.0,7.0,0.46153846153846156,0.17073170731707318,,0.12727272727272726,0.42016806722689076
2015,3203,KABUPATEN CIANJUR,Priangan Barat,16,9.0,,3.0,4.0,0.11538461538461539,0.07317073170731707,,0.07272727272727272,0.13445378151260504
2015,3204,KABUPATEN BANDUNG,Priangan Barat,119,78.0,,41.0,0.0,1.0,1.0,,0.0,1.0
2015,3205,KABUPATEN GARUT,Priangan Timur,39,28.0,,5.0,6.0,0.358974358974359,0.12195121951219512,,0.10909090909090909,0.3277310924369748
2015,3206,KABUPATEN TASIKMALAYA,Priangan Timur,13,10.0,,2.0,1.0,0.1282051282051282,0.04878048780487805,,0.01818181818181818,0.1092436974789916
2015,3207,KABUPATEN CIAMIS,Priangan Timur,9,1.0,,6.0,2.0,0.01282051282051282,0.14634146341463414,,0.03636363636363636,0.07563025210084033
2015,3208,KABUPATEN KUNINGAN,Pantura Timur,28,19.0,,6.0,3.0,0.24358974358974358,0.14634146341463414,,0.05454545454545454,0.23529411764705882
2015,3209,KABUPATEN CIREBON,Pantura Timur,11,7.0,,4.0,0.0,0.08974358974358974,0.0975609756097561,,0.0,0.09243697478991597
2015,3210,KABUPATEN MAJALENGKA,Pantura Timur,9,9.0,,0.0,0.0,0.11538461538461539,0.0,,0.0,0.07563025210084033
2015,3211,KABUPATEN SUMEDANG,Priangan Barat,22,10.0,,7.0,5.0,0.1282051282051282,0.17073170731707318,,0.09090909090909091,0.18487394957983194
2015,3212,KABUPATEN INDRAMAYU,Pantura Timur,5,4.0,,1.0,0.0,0.05128205128205128,0.024390243902439025,,0.0,0.04201680672268908
2015,3213,KABUPATEN SUBANG,Pantura Barat,67,31.0,,11.0,25.0,0.3974358974358974,0.2682926829268293,,0.45454545454545453,0.5630252100840336
2015,3214,KABUPATEN PURWAKARTA,Pantura Barat,25,9.0,,7.0,9.0,0.11538461538461539,0.17073170731707318,,0.16363636363636364,0.21008403361344538
2015,3215,KABUPATEN KARAWANG,Pantura Barat,24,12.0,,9.0,3.0,0.15384615384615385,0.21951219512195122,,0.05454545454545454,0.20168067226890757
2015,3216,KABUPATEN BEKASI,Pantura Barat,10,4.0,,3.0,3.0,0.05128205128205128,0.07317073170731707,,0.05454545454545454,0.08403361344537816
2015,3217,KABUPATEN BANDUNG BARAT,Priangan Barat,39,26.0,,10.0,3.0,0.3333333333333333,0.24390243902439024,,0.05454545454545454,0.3277310924369748
2015,3218,KABUPATEN PANGANDARAN,Priangan Timur,0,0.0,,0.0,0.0,0.0,0.0,,0.0,0.0
2015,3271,KOTA BOGOR,Bogor-Sukabumi,57,0.0,,2.0,55.0,0.0,0.04878048780487805,,1.0,0.4789915966386555
2015,3272,KOTA SUKABUMI,Bogor-Sukabumi,2,2.0,,0.0,0.0,0.02564102564102564,0.0,,0.0,0.01680672268907563
2015,3273,KOTA BANDUNG,Priangan Barat,14,3.0,,3.0,8.0,0.038461538461538464,0.07317073170731707,,0.14545454545454545,0.11764705882352941
2015,3274,KOTA CIREBON,Pantura Timur,10,1.0,,8.0,1.0,0.01282051282051282,0.1951219512195122,,0.01818181818181818,0.08403361344537816
2015,3275,KOTA BEKASI,Pantura Barat,0,0.0,,0.0,0.0,0.0,0.0,,0.0,0.0
2015,3276,KOTA DEPOK,Pantura Barat,6,6.0,,0.0,0.0,0.07692307692307693,0.0,,0.0,0.05042016806722689
2015,3277,KOTA CIMAHI,Priangan Barat,0,0.0,,0.0,0.0,0.0,0.0,,0.0,0.0
2015,3278,KOTA TASIKMALAYA,Priangan Timur,7,3.0,,4.0,0.0,0.038461538461538464,0.0975609756097561,,0.0,0.058823529411764705
2015,3279,KOTA BANJAR,Priangan Timur,1,1.0,,0.0,0.0,0.01282051282051282,0.0,,0.0,0.008403361344537815
2016,3201,KABUPATEN BOGOR,Bogor-Sukabumi,45,38.0,,3.0,4.0,0.6785714285714286,0.21428571428571427,,0.17391304347826086,0.703125
2016,3202,KABUPATEN SUKABUMI,Bogor-Sukabumi,50,36.0,,7.0,7.0,0.6428571428571429,0.5,,0.30434782608695654,0.78125
2016,3203,KABUPATEN CIANJUR,Priangan Barat,16,9.0,,3.0,4.0,0.16071428571428573,0.21428571428571427,,0.17391304347826086,0.25
2016,3204,KABUPATEN BANDUNG,Priangan Barat,64,56.0,,8.0,0.0,1.0,0.5714285714285714,,0.0,1.0
2016,3205,KABUPATEN GARUT,Priangan Timur,38,24.0,,10.0,4.0,0.42857142857142855,0.7142857142857143,,0.17391304347826086,0.59375
2016,3206,KABUPATEN TASIKMALAYA,Priangan Timur,13,10.0,,2.0,1.0,0.17857142857142858,0.14285714285714285,,0.043478260869565216,0.203125
2016,3207,KABUPATEN CIAMIS,Priangan Timur,9,2.0,,6.0,1.0,0.03571428571428571,0.42857142857142855,,0.043478260869565216,0.140625
2016,3208,KABUPATEN KUNINGAN,Pantura Timur,28,19.0,,6.0,3.0,0.3392857142857143,0.42857142857142855,,0.13043478260869565,0.4375
2016,3209,KABUPATEN CIREBON,Pantura Timur,11,7.0,,4.0,0.0,0.125,0.2857142857142857,,0.0,0.171875
2016,3210,KABUPATEN MAJALENGKA,Pantura Timur,49,29.0,,9.0,11.0,0.5178571428571429,0.6428571428571429,,0.4782608695652174,0.765625
2016,3211,KABUPATEN SUMEDANG,Priangan Barat,24,12.0,,7.0,5.0,0.21428571428571427,0.5,,0.21739130434782608,0.375
2016,3212,KABUPATEN INDRAMAYU,Pantura Timur,1,1.0,,0.0,0.0,0.017857142857142856,0.0,,0.0,0.015625
2016,3213,KABUPATEN SUBANG,Pantura Barat,59,27.0,,9.0,23.0,0.48214285714285715,0.6428571428571429,,1.0,0.921875
2016,3214,KABUPATEN PURWAKARTA,Pantura Barat,26,9.0,,8.0,9.0,0.16071428571428573,0.5714285714285714,,0.391304347826087,0.40625
2016,3215,KABUPATEN KARAWANG,Pantura Barat,24,12.0,,9.0,3.0,0.21428571428571427,0.6428571428571429,,0.13043478260869565,0.375
2016,3216,KABUPATEN BEKASI,Pantura Barat,10,4.0,,3.0,3.0,0.07142857142857142,0.21428571428571427,,0.13043478260869565,0.15625
2016,3217,KABUPATEN BANDUNG BARAT,Priangan Barat,39,26.0,,10.0,3.0,0.4642857142857143,0.7142857142857143,,0.13043478260869565,0.609375
2016,3218,KABUPATEN PANGANDARAN,Priangan Timur,30,11.0,,5.0,14.0,0.19642857142857142,0.35714285714285715,,0.6086956521739131,0.46875
2016,3271,KOTA BOGOR,Bogor-Sukabumi,22,5.0,,8.0,9.0,0.08928571428571429,0.5714285714285714,,0.391304347826087,0.34375
2016,3272,KOTA SUKABUMI,Bogor-Sukabumi,2,2.0,,0.0,0.0,0.03571428571428571,0.0,,0.0,0.03125
2016,3273,KOTA BANDUNG,Priangan Barat,14,3.0,,3.0,8.0,0.05357142857142857,0.21428571428571427,,0.34782608695652173,0.21875
2016,3274,KOTA CIREBON,Pantura Timur,17,1.0,,14.0,2.0,0.017857142857142856,1.0,,0.08695652173913043,0.265625
2016,3275,KOTA BEKASI,Pantura Barat,0,0.0,,0.0,0.0,0.0,0.0,,0.0,0.0
2016,3276,KOTA DEPOK,Pantura Barat,21,6.0,,6.0,9.0,0.10714285714285714,0.42857142857142855,,0.391304347826087,0.328125
2016,3277,KOTA CIMAHI,Priangan Barat,6,3.0,,2.0,1.0,0.05357142857142857,0.14285714285714285,,0.043478260869565216,0.09375
2016,3278,KOTA TASIKMALAYA,Priangan Timur,11,4.0,,5.0,2.0,0.07142857142857142,0.35714285714285715,,0.08695652173913043,0.171875
2016,3279,KOTA BANJAR,Priangan Timur,2,1.0,,1.0,0.0,0.017857142857142856,0.07142857142857142,,0.0,0.03125
2017,3201,KABUPATEN BOGOR,Bogor-Sukabumi,86,55.0,,3.0,28.0,0.6707317073170732,0.03571428571428571,,0.2641509433962264,0.4095238095238095
2017,3202,KABUPATEN SUKABUMI,Bogor-Sukabumi,50,36.0,,7.0,7.0,0.43902439024390244,0.08333333333333333,,0.0660377358490566,0.23809523809523808
2017,3203,KABUPATEN CIANJUR,Priangan Barat,19,12.0,,3.0,4.0,0.14634146341463414,0.03571428571428571,,0.03773584905660377,0.09047619047619047
2017,3204,KABUPATEN BANDUNG,Priangan Barat,64,56.0,,8.0,0.0,0.6829268292682927,0.09523809523809523,,0.0,0.3047619047619048
2017,3205,KABUPATEN GARUT,Priangan Timur,43,30.0,,6.0,7.0,0.36585365853658536,0.07142857142857142,,0.0660377358490566,0.20476190476190476
2017,3206,KABUPATEN TASIKMALAYA,Priangan Timur,146,59.0,,84.0,3.0,0.7195121951219512,1.0,,0.02830188679245283,0.6952380952380952
2017,3207,KABUPATEN CIAMIS,Priangan Timur,129,82.0,,45.0,2.0,1.0,0.5357142857142857,,0.018867924528301886,0.6142857142857143
2017,3208,KABUPATEN KUNINGAN,Pantura Timur,28,19.0,,6.0,3.0,0.23170731707317074,0.07142857142857142,,0.02830188679245283,0.13333333333333333
2017,3209,KABUPATEN CIREBON,Pantura Timur,11,7.0,,4.0,0.0,0.08536585365853659,0.047619047619047616,,0.0,0.05238095238095238
2017,3210,KABUPATEN MAJALENGKA,Pantura Timur,49,29.0,,9.0,11.0,0.35365853658536583,0.10714285714285714,,0.10377358490566038,0.23333333333333334
2017,3211,KABUPATEN SUMEDANG,Priangan Barat,32,20.0,,11.0,1.0,0.24390243902439024,0.13095238095238096,,0.009433962264150943,0.1523809523809524
2017,3212,KABUPATEN INDRAMAYU,Pantura Timur,24,24.0,,0.0,0.0,0.2926829268292683,0.0,,0.0,0.11428571428571428
2017,3213,KABUPATEN SUBANG,Pantura Barat,13,5.0,,6.0,2.0,0.06097560975609756,0.07142857142857142,,0.018867924528301886,0.06190476190476191
2017,3214,KABUPATEN PURWAKARTA,Pantura Barat,26,9.0,,8.0,9.0,0.10975609756097561,0.09523809523809523,,0.08490566037735849,0.12380952380952381
2017,3215,KABUPATEN KARAWANG,Pantura Barat,55,33.0,,13.0,9.0,0.4024390243902439,0.15476190476190477,,0.08490566037735849,0.2619047619047619
2017,3216,KABUPATEN BEKASI,Pantura Barat,10,4.0,,3.0,3.0,0.04878048780487805,0.03571428571428571,,0.02830188679245283,0.047619047619047616
2017,3217,KABUPATEN BANDUNG BARAT,Priangan Barat,39,26.0,,10.0,3.0,0.3170731707317073,0.11904761904761904,,0.02830188679245283,0.18571428571428572
2017,3218,KABUPATEN PANGANDARAN,Priangan Timur,210,57.0,,47.0,106.0,0.6951219512195121,0.5595238095238095,,1.0,1.0
2017,3271,KOTA BOGOR,Bogor-Sukabumi,22,5.0,,8.0,9.0,0.06097560975609756,0.09523809523809523,,0.08490566037735849,0.10476190476190476
2017,3272,KOTA SUKABUMI,Bogor-Sukabumi,2,2.0,,0.0,0.0,0.024390243902439025,0.0,,0.0,0.009523809523809525
2017,3273,KOTA BANDUNG,Priangan Barat,14,3.0,,3.0,8.0,0.036585365853658534,0.03571428571428571,,0.07547169811320754,0.06666666666666667
2017,3274,KOTA CIREBON,Pantura Timur,17,1.0,,14.0,2.0,0.012195121951219513,0.16666666666666666,,0.018867924528301886,0.08095238095238096
2017,3275,KOTA BEKASI,Pantura Barat,0,0.0,,0.0,0.0,0.0,0.0,,0.0,0.0
2017,3276,KOTA DEPOK,Pantura Barat,21,6.0,,6.0,9.0,0.07317073170731707,0.07142857142857142,,0.08490566037735849,0.1
2017,3277,KOTA CIMAHI,Priangan Barat,6,1.0,,2.0,3.0,0.012195121951219513,0.023809523809523808,,0.02830188679245283,0.02857142857142857
2017,3278,KOTA TASIKMALAYA,Priangan Timur,11,4.0,,5.0,2.0,0.04878048780487805,0.05952380952380952,,0.018867924528301886,0.05238095238095238
2017,3279,KOTA BANJAR,Priangan Timur,1,1.0,,0.0,0.0,0.012195121951219513,0.0,,0.0,0.004761904761904762
2018,3201,KABUPATEN BOGOR,Bogor-Sukabumi,86,55.0,28.0,3.0,,0.14248704663212436,0.02586206896551724,0.417910447761194,,0.2107843137254902
2018,3202,KABUPATEN SUKABUMI,Bogor-Sukabumi,0,0.0,0.0,0.0,,0.0,0.0,0.0,,0.0
2018,3203,KABUPATEN CIANJUR,Priangan Barat,82,59.0,14.0,9.0,,0.15284974093264247,0.07758620689655173,0.208955223880597,,0.20098039215686275
2018,3204,KABUPATEN BANDUNG,Priangan Barat,94,48.0,39.0,7.0,,0.12435233160621761,0.0603448275862069,0.582089552238806,,0.23039215686274508
2018,3205,KABUPATEN GARUT,Priangan Timur,204,102.0,67.0,35.0,,0.26424870466321243,0.3017241379310345,1.0,,0.5
2018,3206,KABUPATEN TASIKMALAYA,Priangan Timur,408,386.0,2.0,20.0,,1.0,0.1724137931034483,0.029850746268656716,,1.0
2018,3207,KABUPATEN CIAMIS,Priangan Timur,143,82.0,16.0,45.0,,0.21243523316062177,0.3879310344827586,0.23880597014925373,,0.35049019607843135
2018,3208,KABUPATEN KUNINGAN,Pantura Timur,35,23.0,9.0,3.0,,0.05958549222797927,0.02586206896551724,0.13432835820895522,,0.0857843137254902
2018,3209,KABUPATEN CIREBON,Pantura Timur,133,7.0,10.0,116.0,,0.018134715025906734,1.0,0.14925373134328357,,0.32598039215686275
2018,3210,KABUPATEN MAJALENGKA,Pantura Timur,175,99.0,37.0,39.0,,0.25647668393782386,0.33620689655172414,0.5522388059701493,,0.42892156862745096
2018,3211,KABUPATEN SUMEDANG,Priangan Barat,0,0.0,0.0,0.0,,0.0,0.0,0.0,,0.0
2018,3212,KABUPATEN INDRAMAYU,Pantura Timur,28,13.0,6.0,9.0,,0.03367875647668394,0.07758620689655173,0.08955223880597014,,0.06862745098039216
2018,3213,KABUPATEN SUBANG,Pantura Barat,47,27.0,17.0,3.0,,0.06994818652849741,0.02586206896551724,0.2537313432835821,,0.11519607843137254
2018,3214,KABUPATEN PURWAKARTA,Pantura Barat,38,19.0,11.0,8.0,,0.04922279792746114,0.06896551724137931,0.16417910447761194,,0.09313725490196079
2018,3215,KABUPATEN KARAWANG,Pantura Barat,84,44.0,7.0,33.0,,0.11398963730569948,0.28448275862068967,0.1044776119402985,,0.20588235294117646
2018,3216,KABUPATEN BEKASI,Pantura Barat,23,5.0,18.0,0.0,,0.012953367875647668,0.0,0.26865671641791045,,0.056372549019607844
2018,3217,KABUPATEN BANDUNG BARAT,Priangan Barat,134,64.0,56.0,14.0,,0.16580310880829016,0.1206896551724138,0.835820895522388,,0.3284313725490196
2018,3218,KABUPATEN PANGANDARAN,Priangan Timur,103,56.0,0.0,47.0,,0.14507772020725387,0.4051724137931034,0.0,,0.25245098039215685
2018,3271,KOTA BOGOR,Bogor-Sukabumi,23,0.0,22.0,1.0,,0.0,0.008620689655172414,0.3283582089552239,,0.056372549019607844
2018,3272,KOTA SUKABUMI,Bogor-Sukabumi,0,0.0,0.0,0.0,,0.0,0.0,0.0,,0.0
2018,3273,KOTA BANDUNG,Priangan Barat,17,3.0,0.0,14.0,,0.007772020725388601,0.1206896551724138,0.0,,0.041666666666666664
2018,3274,KOTA CIREBON,Pantura Timur,17,1.0,2.0,14.0,,0.0025906735751295338,0.1206896551724138,0.029850746268656716,,0.041666666666666664
2018,3275,KOTA BEKASI,Pantura Barat,7,4.0,0.0,3.0,,0.010362694300518135,0.02586206896551724,0.0,,0.01715686274509804
2018,3276,KOTA DEPOK,Pantura Barat,24,9.0,9.0,6.0,,0.023316062176165803,0.05172413793103448,0.13432835820895522,,0.058823529411764705
2018,3277,KOTA CIMAHI,Priangan Barat,6,1.0,3.0,2.0,,0.0025906735751295338,0.017241379310344827,0.04477611940298507,,0.014705882352941176
2018,3278,KOTA TASIKMALAYA,Priangan Timur,11,4.0,2.0,5.0,,0.010362694300518135,0.04310344827586207,0.029850746268656716,,0.02696078431372549
2018,3279,KOTA BANJAR,Priangan Timur,2,1.0,1.0,0.0,,0.0025906735751295338,0.0,0.014925373134328358,,0.004901960784313725
2019,3201,KABUPATEN BOGOR,Bogor-Sukabumi,381,169.0,151.0,61.0,,0.44473684210526315,0.5258620689655172,1.0,,0.9477611940298507
2019,3202,KABUPATEN SUKABUMI,Bogor-Sukabumi,60,47.0,6.0,7.0,,0.12368421052631579,0.0603448275862069,0.039735099337748346,,0.14925373134328357
2019,3203,KABUPATEN CIANJUR,Priangan Barat,118,86.0,18.0,14.0,,0.22631578947368422,0.1206896551724138,0.11920529801324503,,0.2935323383084577
2019,3204,KABUPATEN BANDUNG,Priangan Barat,96,48.0,41.0,7.0,,0.12631578947368421,0.0603448275862069,0.271523178807947,,0.23880597014925373
2019,3205,KABUPATEN GARUT,Priangan Timur,208,106.0,67.0,35.0,,0.2789473684210526,0.3017241379310345,0.44370860927152317,,0.5174129353233831
2019,3206,KABUPATEN TASIKMALAYA,Priangan Timur,402,380.0,2.0,20.0,,1.0,0.1724137931034483,0.013245033112582781,,1.0
2019,3207,KABUPATEN CIAMIS,Priangan Timur,143,82.0,16.0,45.0,,0.21578947368421053,0.3879310344827586,0.10596026490066225,,0.35572139303482586
2019,3208,KABUPATEN KUNINGAN,Pantura Timur,149,109.0,26.0,14.0,,0.2868421052631579,0.1206896551724138,0.17218543046357615,,0.3706467661691542
2019,3209,KABUPATEN CIREBON,Pantura Timur,134,8.0,10.0,116.0,,0.021052631578947368,1.0,0.06622516556291391,,0.3333333333333333
2019,3210,KABUPATEN MAJALENGKA,Pantura Timur,179,100.0,40.0,39.0,,0.2631578947368421,0.33620689655172414,0.26490066225165565,,0.44527363184079605
2019,3211,KABUPATEN SUMEDANG,Priangan Barat,32,20.0,1.0,11.0,,0.05263157894736842,0.09482758620689655,0.006622516556291391,,0.07960199004975124
2019,3212,KABUPATEN INDRAMAYU,Pantura Timur,25,16.0,5.0,4.0,,0.042105263157894736,0.034482758620689655,0.033112582781456956,,0.06218905472636816
2019,3213,KABUPATEN SUBANG,Pantura Barat,81,54.0,26.0,1.0,,0.14210526315789473,0.008620689655172414,0.17218543046357615,,0.20149253731343283
2019,3214,KABUPATEN PURWAKARTA,Pantura Barat,60,28.0,22.0,10.0,,0.07368421052631578,0.08620689655172414,0.1456953642384106,,0.14925373134328357
2019,3215,KABUPATEN KARAWANG,Pantura Barat,126,50.0,37.0,39.0,,0.13157894736842105,0.33620689655172414,0.24503311258278146,,0.31343283582089554
2019,3216,KABUPATEN BEKASI,Pantura Barat,23,5.0,18.0,0.0,,0.013157894736842105,0.0,0.11920529801324503,,0.05721393034825871
2019,3217,KABUPATEN BANDUNG BARAT,Priangan Barat,151,69.0,65.0,17.0,,0.18157894736842106,0.14655172413793102,0.4304635761589404,,0.3756218905472637
2019,3218,KABUPATEN PANGANDARAN,Priangan Timur,232,156.0,22.0,54.0,,0.4105263157894737,0.46551724137931033,0.1456953642384106,,0.5771144278606966
2019,3271,KOTA BOGOR,Bogor-Sukabumi,23,0.0,22.0,1.0,,0.0,0.008620689655172414,0.1456953642384106,,0.05721393034825871
2019,3272,KOTA SUKABUMI,Bogor-Sukabumi,0,0.0,0.0,0.0,,0.0,0.0,0.0,,0.0
2019,3273,KOTA BANDUNG,Priangan Barat,13,3.0,6.0,4.0,,0.007894736842105263,0.034482758620689655,0.039735099337748346,,0.03233830845771144
2019,3274,KOTA CIREBON,Pantura Timur,17,1.0,2.0,14.0,,0.002631578947368421,0.1206896551724138,0.013245033112582781,,0.04228855721393035
2019,3275,KOTA BEKASI,Pantura Barat,12,4.0,5.0,3.0,,0.010526315789473684,0.02586206896551724,0.033112582781456956,,0.029850746268656716
2019,3276,KOTA DEPOK,Pantura Barat,0,0.0,0.0,0.0,,0.0,0.0,0.0,,0.0
2019,3277,KOTA CIMAHI,Priangan Barat,7,2.0,3.0,2.0,,0.005263157894736842,0.017241379310344827,0.019867549668874173,,0.017412935323383085
2019,3278,KOTA TASIKMALAYA,Priangan Timur,13,6.0,2.0,5.0,,0.015789473684210527,0.04310344827586207,0.013245033112582781,,0.03233830845771144
2019,3279,KOTA BANJAR,Priangan Timur,2,1.0,1.0,0.0,,0.002631578947368421,0.0,0.006622516556291391,,0.004975124378109453
2020,3201,KABUPATEN BOGOR,Bogor-Sukabumi,381,169.0,151.0,61.0,,0.8622448979591837,0.61,1.0,,1.0
2020,3202,KABUPATEN SUKABUMI,Bogor-Sukabumi,60,47.0,6.0,7.0,,0.23979591836734693,0.07,0.039735099337748346,,0.15079365079365079
2020,3203,KABUPATEN CIANJUR,Priangan Barat,134,90.0,21.0,23.0,,0.45918367346938777,0.23,0.1390728476821192,,0.34656084656084657
2020,3204,KABUPATEN BANDUNG,Priangan Barat,96,48.0,41.0,7.0,,0.24489795918367346,0.07,0.271523178807947,,0.24603174603174602
2020,3205,KABUPATEN GARUT,Priangan Timur,215,106.0,73.0,36.0,,0.5408163265306123,0.36,0.48344370860927155,,0.5608465608465608
2020,3206,KABUPATEN TASIKMALAYA,Priangan Timur,298,196.0,2.0,100.0,,1.0,1.0,0.013245033112582781,,0.7804232804232805
2020,3207,KABUPATEN CIAMIS,Priangan Timur,145,82.0,18.0,45.0,,0.41836734693877553,0.45,0.11920529801324503,,0.37566137566137564
2020,3208,KABUPATEN KUNINGAN,Pantura Timur,148,108.0,26.0,14.0,,0.5510204081632653,0.14,0.17218543046357615,,0.3835978835978836
2020,3209,KABUPATEN CIREBON,Pantura Timur,22,8.0,7.0,7.0,,0.04081632653061224,0.07,0.046357615894039736,,0.05026455026455026
2020,3210,KABUPATEN MAJALENGKA,Pantura Timur,179,100.0,40.0,39.0,,0.5102040816326531,0.39,0.26490066225165565,,0.4656084656084656
2020,3211,KABUPATEN SUMEDANG,Priangan Barat,100,29.0,60.0,11.0,,0.14795918367346939,0.11,0.3973509933774834,,0.2566137566137566
2020,3212,KABUPATEN INDRAMAYU,Pantura Timur,39,15.0,11.0,13.0,,0.07653061224489796,0.13,0.0728476821192053,,0.09523809523809523
2020,3213,KABUPATEN SUBANG,Pantura Barat,112,58.0,53.0,1.0,,0.29591836734693877,0.01,0.3509933774834437,,0.28835978835978837
2020,3214,KABUPATEN PURWAKARTA,Pantura Barat,63,28.0,25.0,10.0,,0.14285714285714285,0.1,0.16556291390728478,,0.15873015873015872
2020,3215,KABUPATEN KARAWANG,Pantura Barat,127,50.0,38.0,39.0,,0.25510204081632654,0.39,0.25165562913907286,,0.328042328042328
2020,3216,KABUPATEN BEKASI,Pantura Barat,35,11.0,22.0,2.0,,0.05612244897959184,0.02,0.1456953642384106,,0.08465608465608465
2020,3217,KABUPATEN BANDUNG BARAT,Priangan Barat,159,74.0,67.0,18.0,,0.37755102040816324,0.18,0.44370860927152317,,0.4126984126984127
2020,3218,KABUPATEN PANGANDARAN,Priangan Timur,269,171.0,25.0,73.0,,0.8724489795918368,0.73,0.16556291390728478,,0.7037037037037037
2020,3271,KOTA BOGOR,Bogor-Sukabumi,23,0.0,22.0,1.0,,0.0,0.01,0.1456953642384106,,0.05291005291005291
2020,3272,KOTA SUKABUMI,Bogor-Sukabumi,14,2.0,12.0,0.0,,0.01020408163265306,0.0,0.07947019867549669,,0.0291005291005291
2020,3273,KOTA BANDUNG,Priangan Barat,24,11.0,7.0,6.0,,0.05612244897959184,0.06,0.046357615894039736,,0.05555555555555555
2020,3274,KOTA CIREBON,Pantura Timur,17,1.0,2.0,14.0,,0.00510204081632653,0.14,0.013245033112582781,,0.037037037037037035
2020,3275,KOTA BEKASI,Pantura Barat,12,3.0,6.0,3.0,,0.015306122448979591,0.03,0.039735099337748346,,0.023809523809523808
2020,3276,KOTA DEPOK,Pantura Barat,85,85.0,0.0,0.0,,0.4336734693877551,0.0,0.0,,0.21693121693121692
2020,3277,KOTA CIMAHI,Priangan Barat,7,2.0,3.0,2.0,,0.01020408163265306,0.02,0.019867549668874173,,0.010582010582010581
2020,3278,KOTA TASIKMALAYA,Priangan Timur,13,6.0,2.0,5.0,,0.030612244897959183,0.05,0.013245033112582781,,0.026455026455026454
2020,3279,KOTA BANJAR,Priangan Timur,3,2.0,1.0,0.0,,0.01020408163265306,0.0,0.006622516556291391,,0.0
2021,3201,KABUPATEN BOGOR,Bogor-Sukabumi,156,100.0,43.0,13.0,,0.5494505494505495,0.07926829268292683,0.5256410256410257,,0.5085324232081911
2021,3202,KABUPATEN SUKABUMI,Bogor-Sukabumi,60,47.0,6.0,7.0,,0.25824175824175827,0.042682926829268296,0.05128205128205128,,0.18088737201365188
2021,3203,KABUPATEN CIANJUR,Priangan Barat,150,98.0,27.0,25.0,,0.5384615384615384,0.1524390243902439,0.32051282051282054,,0.4880546075085324
2021,3204,KABUPATEN BANDUNG,Priangan Barat,300,56.0,80.0,164.0,,0.3076923076923077,1.0,1.0,,1.0
2021,3205,KABUPATEN GARUT,Priangan Timur,215,106.0,73.0,36.0,,0.5824175824175825,0.21951219512195122,0.9102564102564102,,0.7098976109215017
2021,3206,KABUPATEN TASIKMALAYA,Priangan Timur,61,42.0,2.0,17.0,,0.23076923076923078,0.10365853658536585,0.0,,0.18430034129692832
2021,3207,KABUPATEN CIAMIS,Priangan Timur,38,13.0,20.0,5.0,,0.07142857142857142,0.03048780487804878,0.23076923076923078,,0.10580204778156997
2021,3208,KABUPATEN KUNINGAN,Pantura Timur,149,109.0,26.0,14.0,,0.5989010989010989,0.08536585365853659,0.3076923076923077,,0.48464163822525597
2021,3209,KABUPATEN CIREBON,Pantura Timur,23,8.0,7.0,8.0,,0.04395604395604396,0.04878048780487805,0.0641025641025641,,0.05460750853242321
2021,3210,KABUPATEN MAJALENGKA,Pantura Timur,179,100.0,40.0,39.0,,0.5494505494505495,0.23780487804878048,0.48717948717948717,,0.5870307167235495
2021,3211,KABUPATEN SUMEDANG,Priangan Barat,97,30.0,56.0,11.0,,0.16483516483516483,0.06707317073170732,0.6923076923076923,,0.30716723549488056
2021,3212,KABUPATEN INDRAMAYU,Pantura Timur,39,15.0,11.0,13.0,,0.08241758241758242,0.07926829268292683,0.11538461538461539,,0.10921501706484642
2021,3213,KABUPATEN SUBANG,Pantura Barat,125,63.0,61.0,1.0,,0.34615384615384615,0.006097560975609756,0.7564102564102564,,0.40273037542662116
2021,3214,KABUPATEN PURWAKARTA,Pantura Barat,63,28.0,25.0,10.0,,0.15384615384615385,0.06097560975609756,0.2948717948717949,,0.19112627986348124
2021,3215,KABUPATEN KARAWANG,Pantura Barat,127,50.0,38.0,39.0,,0.27472527472527475,0.23780487804878048,0.46153846153846156,,0.40955631399317405
2021,3216,KABUPATEN BEKASI,Pantura Barat,35,11.0,22.0,2.0,,0.06043956043956044,0.012195121951219513,0.2564102564102564,,0.09556313993174062
2021,3217,KABUPATEN BANDUNG BARAT,Priangan Barat,159,74.0,67.0,18.0,,0.4065934065934066,0.10975609756097561,0.8333333333333334,,0.5187713310580204
2021,3218,KABUPATEN PANGANDARAN,Priangan Timur,285,182.0,28.0,75.0,,1.0,0.4573170731707317,0.3333333333333333,,0.9488054607508533
2021,3271,KOTA BOGOR,Bogor-Sukabumi,30,3.0,19.0,8.0,,0.016483516483516484,0.04878048780487805,0.21794871794871795,,0.07849829351535836
2021,3272,KOTA SUKABUMI,Bogor-Sukabumi,17,3.0,11.0,3.0,,0.016483516483516484,0.018292682926829267,0.11538461538461539,,0.034129692832764506
2021,3273,KOTA BANDUNG,Priangan Barat,61,3.0,48.0,10.0,,0.016483516483516484,0.06097560975609756,0.5897435897435898,,0.18430034129692832
2021,3274,KOTA CIREBON,Pantura Timur,17,1.0,2.0,14.0,,0.005494505494505495,0.08536585365853659,0.0,,0.034129692832764506
2021,3275,KOTA BEKASI,Pantura Barat,78,3.0,39.0,36.0,,0.016483516483516484,0.21951219512195122,0.47435897435897434,,0.24232081911262798
2021,3276,KOTA DEPOK,Pantura Barat,84,19.0,17.0,48.0,,0.1043956043956044,0.2926829268292683,0.19230769230769232,,0.2627986348122867
2021,3277,KOTA CIMAHI,Priangan Barat,7,2.0,3.0,2.0,,0.01098901098901099,0.012195121951219513,0.01282051282051282,,0.0
2021,3278,KOTA TASIKMALAYA,Priangan Timur,21,8.0,9.0,4.0,,0.04395604395604396,0.024390243902439025,0.08974358974358974,,0.04778156996587031
2021,3279,KOTA BANJAR,Priangan Timur,7,0.0,7.0,0.0,,0.0,0.0,0.0641025641025641,,0.0
2022,3201,KABUPATEN BOGOR,Bogor-Sukabumi,206,122.0,54.0,30.0,,0.6685082872928176,0.16666666666666666,0.7536231884057971,,0.6480263157894737
2022,3202,KABUPATEN SUKABUMI,Bogor-Sukabumi,108,96.0,5.0,7.0,,0.5248618784530387,0.034482758620689655,0.043478260869565216,,0.3256578947368421
2022,3203,KABUPATEN CIANJUR,Priangan Barat,146,94.0,28.0,24.0,,0.5138121546961326,0.13218390804597702,0.37681159420289856,,0.4506578947368421
2022,3204,KABUPATEN BANDUNG,Priangan Barat,313,77.0,61.0,175.0,,0.4198895027624309,1.0,0.855072463768116,,1.0
2022,3205,KABUPATEN GARUT,Priangan Timur,226,115.0,71.0,40.0,,0.6298342541436464,0.22413793103448276,1.0,,0.7138157894736842
2022,3206,KABUPATEN TASIKMALAYA,Priangan Timur,116,110.0,4.0,2.0,,0.6022099447513812,0.005747126436781609,0.028985507246376812,,0.3519736842105263
2022,3207,KABUPATEN CIAMIS,Priangan Timur,50,16.0,24.0,10.0,,0.08287292817679558,0.05172413793103448,0.3188405797101449,,0.13486842105263158
2022,3208,KABUPATEN KUNINGAN,Pantura Timur,156,117.0,25.0,14.0,,0.6408839779005525,0.07471264367816093,0.3333333333333333,,0.48355263157894735
2022,3209,KABUPATEN CIREBON,Pantura Timur,23,8.0,7.0,8.0,,0.03867403314917127,0.040229885057471264,0.07246376811594203,,0.046052631578947366
2022,3210,KABUPATEN MAJALENGKA,Pantura Timur,197,112.0,46.0,39.0,,0.6132596685082873,0.21839080459770116,0.6376811594202898,,0.618421052631579
2022,3211,KABUPATEN SUMEDANG,Priangan Barat,111,36.0,64.0,11.0,,0.19337016574585636,0.05747126436781609,0.8985507246376812,,0.3355263157894737
2022,3212,KABUPATEN INDRAMAYU,Pantura Timur,26,13.0,4.0,9.0,,0.06629834254143646,0.04597701149425287,0.028985507246376812,,0.05592105263157895
2022,3213,KABUPATEN SUBANG,Pantura Barat,83,68.0,14.0,1.0,,0.3701657458563536,0.0,0.17391304347826086,,0.24342105263157895
2022,3214,KABUPATEN PURWAKARTA,Pantura Barat,64,28.0,26.0,10.0,,0.14917127071823205,0.05172413793103448,0.34782608695652173,,0.18092105263157895
2022,3215,KABUPATEN KARAWANG,Pantura Barat,127,50.0,38.0,39.0,,0.27071823204419887,0.21839080459770116,0.5217391304347826,,0.3881578947368421
2022,3216,KABUPATEN BEKASI,Pantura Barat,38,11.0,25.0,2.0,,0.055248618784530384,0.005747126436781609,0.3333333333333333,,0.09539473684210527
2022,3217,KABUPATEN BANDUNG BARAT,Priangan Barat,160,74.0,67.0,19.0,,0.40331491712707185,0.10344827586206896,0.9420289855072463,,0.4967105263157895
2022,3218,KABUPATEN PANGANDARAN,Priangan Timur,286,182.0,28.0,76.0,,1.0,0.43103448275862066,0.37681159420289856,,0.9111842105263158
2022,3271,KOTA BOGOR,Bogor-Sukabumi,38,9.0,9.0,20.0,,0.04419889502762431,0.10919540229885058,0.10144927536231885,,0.09539473684210527
2022,3272,KOTA SUKABUMI,Bogor-Sukabumi,18,3.0,12.0,3.0,,0.011049723756906077,0.011494252873563218,0.14492753623188406,,0.029605263157894735
2022,3273,KOTA BANDUNG,Priangan Barat,68,10.0,48.0,10.0,,0.049723756906077346,0.05172413793103448,0.6666666666666666,,0.19407894736842105
2022,3274,KOTA CIREBON,Pantura Timur,17,1.0,2.0,14.0,,0.0,0.07471264367816093,0.0,,0.02631578947368421
2022,3275,KOTA BEKASI,Pantura Barat,60,3.0,39.0,18.0,,0.011049723756906077,0.09770114942528736,0.5362318840579711,,0.16776315789473684
2022,3276,KOTA DEPOK,Pantura Barat,84,19.0,17.0,48.0,,0.09944751381215469,0.27011494252873564,0.21739130434782608,,0.24671052631578946
2022,3277,KOTA CIMAHI,Priangan Barat,9,3.0,4.0,2.0,,0.011049723756906077,0.005747126436781609,0.028985507246376812,,0.0
2022,3278,KOTA TASIKMALAYA,Priangan Timur,51,19.0,12.0,20.0,,0.09944751381215469,0.10919540229885058,0.14492753623188406,,0.13815789473684212
2022,3279,KOTA BANJAR,Priangan Timur,25,10.0,12.0,3.0,,0.049723756906077346,0.011494252873563218,0.14492753623188406,,0.05263157894736842
2023,3201,KABUPATEN BOGOR,Bogor-Sukabumi,211,122.0,54.0,35.0,,0.521551724137931,0.19540229885057472,0.7536231884057971,,0.531578947368421
2023,3202,KABUPATEN SUKABUMI,Bogor-Sukabumi,130,115.0,5.0,10.0,,0.49137931034482757,0.05172413793103448,0.043478260869565216,,0.31842105263157894
2023,3203,KABUPATEN CIANJUR,Priangan Barat,156,103.0,32.0,21.0,,0.4396551724137931,0.11494252873563218,0.43478260869565216,,0.3868421052631579
2023,3204,KABUPATEN BANDUNG,Priangan Barat,313,77.0,61.0,175.0,,0.3275862068965517,1.0,0.855072463768116,,0.8
2023,3205,KABUPATEN GARUT,Priangan Timur,226,115.0,71.0,40.0,,0.49137931034482757,0.22413793103448276,1.0,,0.5710526315789474
2023,3206,KABUPATEN TASIKMALAYA,Priangan Timur,117,110.0,5.0,2.0,,0.4698275862068966,0.005747126436781609,0.043478260869565216,,0.28421052631578947
2023,3207,KABUPATEN CIAMIS,Priangan Timur,50,16.0,24.0,10.0,,0.06465517241379311,0.05172413793103448,0.3188405797101449,,0.10789473684210527
2023,3208,KABUPATEN KUNINGAN,Pantura Timur,160,117.0,29.0,14.0,,0.5,0.07471264367816093,0.391304347826087,,0.3973684210526316
2023,3209,KABUPATEN CIREBON,Pantura Timur,18,8.0,4.0,6.0,,0.03017241379310345,0.028735632183908046,0.028985507246376812,,0.02368421052631579
2023,3210,KABUPATEN MAJALENGKA,Pantura Timur,204,118.0,47.0,39.0,,0.5043103448275862,0.21839080459770116,0.6521739130434783,,0.5131578947368421
2023,3211,KABUPATEN SUMEDANG,Priangan Barat,107,36.0,60.0,11.0,,0.15086206896551724,0.05747126436781609,0.8405797101449275,,0.2578947368421053
2023,3212,KABUPATEN INDRAMAYU,Pantura Timur,28,13.0,6.0,9.0,,0.05172413793103448,0.04597701149425287,0.057971014492753624,,0.05
2023,3213,KABUPATEN SUBANG,Pantura Barat,83,68.0,14.0,1.0,,0.28879310344827586,0.0,0.17391304347826086,,0.19473684210526315
2023,3214,KABUPATEN PURWAKARTA,Pantura Barat,63,26.0,27.0,10.0,,0.10775862068965517,0.05172413793103448,0.36231884057971014,,0.14210526315789473
2023,3215,KABUPATEN KARAWANG,Pantura Barat,127,50.0,38.0,39.0,,0.21120689655172414,0.21839080459770116,0.5217391304347826,,0.3105263157894737
2023,3216,KABUPATEN BEKASI,Pantura Barat,37,10.0,25.0,2.0,,0.03879310344827586,0.005747126436781609,0.3333333333333333,,0.07368421052631578
2023,3217,KABUPATEN BANDUNG BARAT,Priangan Barat,163,74.0,70.0,19.0,,0.3146551724137931,0.10344827586206896,0.9855072463768116,,0.4052631578947368
2023,3218,KABUPATEN PANGANDARAN,Priangan Timur,389,233.0,53.0,103.0,,1.0,0.5862068965517241,0.7391304347826086,,1.0
2023,3271,KOTA BOGOR,Bogor-Sukabumi,38,9.0,9.0,20.0,,0.034482758620689655,0.10919540229885058,0.10144927536231885,,0.07631578947368421
2023,3272,KOTA SUKABUMI,Bogor-Sukabumi,17,3.0,11.0,3.0,,0.008620689655172414,0.011494252873563218,0.13043478260869565,,0.021052631578947368
2023,3273,KOTA BANDUNG,Priangan Barat,68,10.0,48.0,10.0,,0.03879310344827586,0.05172413793103448,0.6666666666666666,,0.15526315789473685
2023,3274,KOTA CIREBON,Pantura Timur,17,1.0,2.0,14.0,,0.0,0.07471264367816093,0.0,,0.021052631578947368
2023,3275,KOTA BEKASI,Pantura Barat,60,3.0,39.0,18.0,,0.008620689655172414,0.09770114942528736,0.5362318840579711,,0.13421052631578947
2023,3276,KOTA DEPOK,Pantura Barat,90,22.0,20.0,48.0,,0.09051724137931035,0.27011494252873564,0.2608695652173913,,0.2131578947368421
2023,3277,KOTA CIMAHI,Priangan Barat,9,3.0,4.0,2.0,,0.008620689655172414,0.005747126436781609,0.028985507246376812,,0.0
2023,3278,KOTA TASIKMALAYA,Priangan Timur,46,6.0,14.0,26.0,,0.021551724137931036,0.14367816091954022,0.17391304347826086,,0.09736842105263158
2023,3279,KOTA BANJAR,Priangan Timur,27,13.0,11.0,3.0,,0.05172413793103448,0.011494252873563218,0.13043478260869565,,0.04736842105263158
2024,3201,KABUPATEN BOGOR,Bogor-Sukabumi,317,121.0,61.0,135.0,,0.5172413793103449,0.7701149425287356,0.855072463768116,,0.8083989501312336
2024,3202,KABUPATEN SUKABUMI,Bogor-Sukabumi,79,61.0,9.0,9.0,,0.25862068965517243,0.04597701149425287,0.10144927536231885,,0.1837270341207349
2024,3203,KABUPATEN CIANJUR,Priangan Barat,156,103.0,32.0,21.0,,0.4396551724137931,0.11494252873563218,0.43478260869565216,,0.3858267716535433
2024,3204,KABUPATEN BANDUNG,Priangan Barat,313,77.0,61.0,175.0,,0.3275862068965517,1.0,0.855072463768116,,0.7979002624671916
2024,3205,KABUPATEN GARUT,Priangan Timur,226,115.0,71.0,40.0,,0.49137931034482757,0.22413793103448276,1.0,,0.5695538057742782
2024,3206,KABUPATEN TASIKMALAYA,Priangan Timur,116,110.0,4.0,2.0,,0.4698275862068966,0.005747126436781609,0.028985507246376812,,0.28083989501312334
2024,3207,KABUPATEN CIAMIS,Priangan Timur,50,16.0,24.0,10.0,,0.06465517241379311,0.05172413793103448,0.3188405797101449,,0.10761154855643044
2024,3208,KABUPATEN KUNINGAN,Pantura Timur,161,117.0,30.0,14.0,,0.5,0.07471264367816093,0.4057971014492754,,0.3989501312335958
2024,3209,KABUPATEN CIREBON,Pantura Timur,17,7.0,3.0,7.0,,0.02586206896551724,0.034482758620689655,0.014492753623188406,,0.02099737532808399
2024,3210,KABUPATEN MAJALENGKA,Pantura Timur,204,118.0,47.0,39.0,,0.5043103448275862,0.21839080459770116,0.6521739130434783,,0.5118110236220472
2024,3211,KABUPATEN SUMEDANG,Priangan Barat,105,31.0,63.0,11.0,,0.12931034482758622,0.05747126436781609,0.8840579710144928,,0.25196850393700787
2024,3212,KABUPATEN INDRAMAYU,Pantura Timur,37,13.0,12.0,12.0,,0.05172413793103448,0.06321839080459771,0.14492753623188406,,0.07349081364829396
2024,3213,KABUPATEN SUBANG,Pantura Barat,83,68.0,14.0,1.0,,0.28879310344827586,0.0,0.17391304347826086,,0.1942257217847769
2024,3214,KABUPATEN PURWAKARTA,Pantura Barat,64,26.0,28.0,10.0,,0.10775862068965517,0.05172413793103448,0.37681159420289856,,0.14435695538057744
2024,3215,KABUPATEN KARAWANG,Pantura Barat,127,50.0,38.0,39.0,,0.21120689655172414,0.21839080459770116,0.5217391304347826,,0.30971128608923887
2024,3216,KABUPATEN BEKASI,Pantura Barat,57,14.0,41.0,2.0,,0.05603448275862069,0.005747126436781609,0.5652173913043478,,0.12598425196850394
2024,3217,KABUPATEN BANDUNG BARAT,Priangan Barat,169,79.0,71.0,19.0,,0.33620689655172414,0.10344827586206896,1.0,,0.4199475065616798
2024,3218,KABUPATEN PANGANDARAN,Priangan Timur,390,233.0,54.0,103.0,,1.0,0.5862068965517241,0.7536231884057971,,1.0
2024,3271,KOTA BOGOR,Bogor-Sukabumi,38,9.0,9.0,20.0,,0.034482758620689655,0.10919540229885058,0.10144927536231885,,0.07611548556430446
2024,3272,KOTA SUKABUMI,Bogor-Sukabumi,17,3.0,11.0,3.0,,0.008620689655172414,0.011494252873563218,0.13043478260869565,,0.02099737532808399
2024,3273,KOTA BANDUNG,Priangan Barat,68,10.0,48.0,10.0,,0.03879310344827586,0.05172413793103448,0.6666666666666666,,0.15485564304461943
2024,3274,KOTA CIREBON,Pantura Timur,17,1.0,2.0,14.0,,0.0,0.07471264367816093,0.0,,0.02099737532808399
2024,3275,KOTA BEKASI,Pantura Barat,60,3.0,39.0,18.0,,0.008620689655172414,0.09770114942528736,0.5362318840579711,,0.13385826771653545
2024,3276,KOTA DEPOK,Pantura Barat,84,19.0,17.0,48.0,,0.07758620689655173,0.27011494252873564,0.21739130434782608,,0.1968503937007874
2024,3277,KOTA CIMAHI,Priangan Barat,9,3.0,4.0,2.0,,0.008620689655172414,0.005747126436781609,0.028985507246376812,,0.0
2024,3278,KOTA TASIKMALAYA,Priangan Timur,51,14.0,11.0,26.0,,0.05603448275862069,0.14367816091954022,0.13043478260869565,,0.11023622047244094
2024,3279,KOTA BANJAR,Priangan Timur,24,9.0,12.0,3.0,,0.034482758620689655,0.011494252873563218,0.14492753623188406,,0.03937007874015748
